[
  {
    "code": "vilnius",
    "name": "Vilnius",
    "administrative_division": "Vilniaus apskritis",
    "country": "LT",
    "latitude": 54.6892,
    "longitude": 25.2798
  },
  {
    "code": "kaunas",
    "name": "Kaunas",
    "administrative_division": "Kauno apskritis",
    "country": "LT",
    "latitude": 54.8985,
    "longitude": 23.9036
  },
  {
    "code": "klaipeda",
    "name": "Klaipėda",
    "administrative_division": "Klaipėdos apskritis",
    "country": "LT",
    "latitude": 55.7033,
    "longitude": 21.1443
  },
  {
    "code": "siauliai",
    "name": "Šiauliai",
    "administrative_division": "Šiaulių apskritis",
    "country": "LT",
    "latitude": 55.9349,
    "longitude": 23.3135
  },
  {
    "code": "panevezys",
    "name": "Panevėžys",
    "administrative_division": "Panevėžio apskritis",
    "country": "LT",
    "latitude": 55.7322,
    "longitude": 24.3608
  },
  {
    "code": "alytus",
    "name": "Alytus",
    "administrative_division": "Alytaus apskritis",
    "country": "LT",
    "latitude": 54.3963,
    "longitude": 24.0465
  },
  {
    "code": "marijampole",
    "name": "Marijampolė",
    "administrative_division": "Marijampolės apskritis",
    "country": "LT",
    "latitude": 54.5593,
    "longitude": 23.3542
  },
  {
    "code": "taurage",
    "name": "Tauragė",
    "administrative_division": "Tauragės apskritis",
    "country": "LT",
    "latitude": 55.2518,
    "longitude": 22.2897
  },
  {
    "code": "telsiai",
    "name": "Telšiai",
    "administrative_division": "Telšių apskritis",
    "country": "LT",
    "latitude": 55.9814,
    "longitude": 22.2479
  },
  {
    "code": "utena",
    "name": "Utena",
    "administrative_division": "Utenos apskritis",
    "country": "LT",
    "latitude": 55.4975,
    "longitude": 25.5998
  }
]
